resource,restaurant,oldestDate,reference_before,referenceDate,reference_after,mostRecentDate,blogTotal,blogDisplay,resource_count,power3,reliability2,reliability,group,sentiment1,sentiment2,sentiment3
이영자,산골농원,2015-04-13,56,2019-05-24,144,2021-10-20,5101,200,32,3.009722309647742,28.57142857142857,22.22222222222222,연예인,-34.0,32,-2
이영자,엘더버거,2019-09-13,59,2021-06-12,141,2021-10-21,1454,200,20,7.565878700136398,16.528925619834713,14.184397163120568,연예인,-48.0,17,-13
이영자,홍미닭발,2004-12-07,115,2018-11-06,85,2021-10-21,5521,200,13,3.455330250557523,18.05555555555556,15.294117647058824,연예인,4.0,13,7
이영자,도동집,2015-11-24,113,2020-04-16,87,2021-10-20,2724,200,16,1.8809840511987,22.53521126760564,18.39080459770115,연예인,-24.0,16,-2
이영자,이맛이야 장작철판구이,2014-09-03,30,2019-07-03,170,2021-10-18,903,200,24,4.83600327959346,16.43835616438356,14.117647058823527,연예인,-29.0,23,-6
이영자,빵곱창,2010-09-10,42,2016-08-26,158,2021-10-15,587,200,20,2.631578202236406,14.492753623188406,12.658227848101266,연예인,28.0,20,10
이영자,육백마지기,2020-06-22,183,2021-10-01,17,2021-10-21,10391,200,1,2.222459227467811,6.25,5.88235294117647,연예인,0.0,1,1
이영자,대게 좋은 날,2010-05-24,200,2099-12-31,0,2021-10-15,19430,200,0,-0.2543387924712784,100.0,0.0,연예인,0.0,0,0
이영자,착한집,2015-10-05,21,2020-01-23,179,2021-10-20,17281,200,61,5.916509243801769,51.69491525423729,34.07821229050279,연예인,-94.0,60,-21
이영자,진대감,2016-02-27,14,2018-07-28,186,2021-10-21,11906,200,24,2.921633670685322,14.814814814814811,12.903225806451612,연예인,-29.0,23,-7
이영자,일심본가,2014-11-15,156,2021-06-18,44,2021-10-17,4072,200,8,7.554306001435208,22.22222222222222,18.181818181818183,연예인,-21.0,8,-6
이영자,별주부네물곰탕,2018-08-02,31,2019-06-04,169,2021-10-18,371,200,11,1.0981372549019608,6.962025316455696,6.508875739644971,연예인,-9.0,10,-1
이영자,코끼리만두,2009-02-10,35,2018-04-24,165,2021-10-20,23837,200,12,5.515422794117647,7.84313725490196,7.272727272727272,연예인,-10.0,12,-4
이영자,송쉐프,2017-07-18,19,2018-06-11,181,2021-10-19,3589,200,16,1.3940585087335375,9.696969696969695,8.83977900552486,연예인,-12.0,16,-2
이영자,오토김밥,2016-03-18,38,2020-08-23,162,2021-10-21,16875,200,17,7.326283665668302,11.724137931034482,10.493827160493826,연예인,-3.0,17,3
이영자,한방통닭,2009-02-02,10,2018-04-29,190,2021-10-21,28354,200,25,6.804568607605684,15.151515151515152,13.157894736842104,연예인,-70.0,25,-16
이영자,운정중국집,2014-01-04,183,2021-08-13,17,2021-10-19,3955,200,2,5.34452064730344,13.333333333333334,11.76470588235294,연예인,5.0,2,2
이영자,돈육지존,2005-11-01,80,2019-11-08,120,2021-10-19,346,200,31,8.930256460970464,34.831460674157306,25.833333333333336,연예인,-51.0,31,-17
이영자,명동교자,2019-08-11,62,2021-06-08,138,2021-10-21,47365,200,11,7.452734965850408,8.661417322834646,7.971014492753622,연예인,-13.0,11,-1
이영자,청춘면가,2016-11-11,60,2019-06-08,140,2021-10-21,1579,200,35,1.7646592242250736,33.33333333333333,25.0,연예인,-26.0,35,-3
이영자,돈까스잔치,2016-01-05,19,2018-06-20,181,2021-10-21,66809,200,29,2.693681664247701,19.07894736842105,16.022099447513813,연예인,-69.0,29,-17
이영자,카페산,2018-05-30,6,2018-11-17,194,2021-10-21,16555,200,13,1.815239689495019,7.18232044198895,6.701030927835052,연예인,-12.0,12,-2
이영자,영천영화,2009-05-12,90,2018-08-04,110,2021-10-18,4051,200,27,3.0539725356249785,32.53012048192771,24.545454545454547,연예인,-10.0,27,-1
이영자,한입소반,2018-07-31,16,2019-04-23,184,2021-10-19,7398,200,42,1.6704777327935223,29.577464788732392,22.82608695652174,연예인,-77.0,39,-12
이영자,계담다,2020-12-22,101,2021-06-25,99,2021-10-16,211,200,25,0.9838775412580724,33.78378378378378,25.252525252525253,연예인,-39.0,21,-9
이영자,대복식당,2007-11-04,77,2018-10-08,123,2021-10-20,2974,200,8,4.676671253551538,6.956521739130435,6.504065040650407,연예인,-6.0,8,-4
이영자,두물머리연핫도그,2017-07-21,59,2020-01-03,141,2021-10-21,17189,200,3,2.3102996065720807,2.1739130434782608,2.127659574468085,연예인,-5.0,3,-1
이영자,고봉삼계탕,2012-03-06,23,2018-07-30,177,2021-10-21,5349,200,10,4.932439906319513,5.9880239520958085,5.649717514124294,연예인,-11.0,10,-2
백종원,도두반점,2015-04-12,11,2015-12-29,189,2021-10-19,3370,200,54,1.118666211448731,40.0,28.57142857142857,연예인,-120.0,50,-35
백종원,지린성,2014-02-05,3,2016-07-02,197,2021-10-21,44146,200,8,2.766773672506272,4.232804232804233,4.060913705583756,연예인,-3.0,8,2
백종원,박용채의 대박터진 돈까스,2018-02-22,7,2018-06-21,193,2021-10-08,458,200,25,1.341773980961679,14.88095238095238,12.953367875647666,연예인,40.0,25,19
백종원,미미파스타,2012-01-14,200,2099-12-31,0,2021-10-18,15186,200,0,-0.2219248007968127,100.0,0.0,연예인,0.0,0,0
백종원,고단백식당,2011-07-29,18,2016-06-02,182,2021-09-01,21872,200,24,3.125489032121164,15.18987341772152,13.186813186813188,연예인,-12.0,23,2
백종원,짜런쌩 씰롬,2015-10-31,2,2018-07-21,198,2021-10-13,424,200,64,3.604155850356375,47.76119402985074,32.323232323232325,연예인,-78.0,59,-18
백종원,거제 중앙식육식당,2013-10-21,9,2017-02-25,191,2021-10-21,454,200,34,3.0698566084518,21.656050955414013,17.801047120418847,연예인,-12.0,33,4
백종원,순심원,2012-05-17,29,2017-08-07,171,2021-10-16,1783,200,37,3.3183785655502565,27.611940298507463,21.6374269005848,연예인,-44.0,35,-13
백종원,엄마네 돼지찌개,2006-06-02,61,2017-04-18,139,2021-10-20,3750,200,16,3.8823641888335576,13.008130081300814,11.510791366906476,연예인,-18.0,17,-1
백종원,간장 닭갈비 공주집,2013-01-26,39,2016-03-20,161,2021-10-18,1126,200,28,1.4359493769809648,21.052631578947366,17.391304347826086,연예인,-13.0,28,4
백종원,경방루,2014-06-13,7,2016-03-01,193,2021-10-20,1877,200,33,2.2178449302203807,20.625,17.098445595854923,연예인,-26.0,33,-9
백종원,룽르엉,2013-08-11,86,2018-09-14,114,2021-10-20,1381,200,29,1.6297470268627223,34.11764705882353,25.438596491228072,연예인,-27.0,25,-5
백종원,결성칼국수,2010-10-03,30,2016-11-18,170,2021-10-17,2969,200,29,3.280253212226636,20.56737588652482,17.058823529411764,연예인,-21.0,29,-3
백종원,첨일만두,2013-12-05,200,2099-12-31,0,2021-10-18,3763,200,0,-0.1828418742246397,100.0,0.0,연예인,0.0,0,0
백종원,맛나게장,2009-11-18,82,2017-08-02,118,2021-10-16,2051,200,14,2.074206256663113,13.461538461538462,11.864406779661016,연예인,14.0,14,6
백종원,낙원곱창,2006-06-28,159,2021-09-24,41,2021-10-20,6958,200,20,86.59988178966714,95.23809523809524,48.78048780487805,연예인,-30.0,17,-10
백종원,순철월등면,2007-06-24,39,2016-11-13,161,2021-10-20,5003,200,2,4.079647272386043,1.257861635220126,1.2422360248447204,연예인,-4.0,2,0
백종원,원조 두꺼비 불오징어,2006-04-30,17,2016-05-10,183,2021-10-18,977,200,18,4.941356463752035,10.909090909090908,9.836065573770492,연예인,-6.0,18,0
성시경,하니칼국수,2021-01-16,39,2021-05-06,161,2021-10-21,292657,200,1,1.678530303030303,0.625,0.6211180124223602,연예인,-3.0,1,-1
성시경,나진국밥,2013-09-30,11,2016-07-13,189,2021-10-20,4069,200,24,2.570298668096898,14.545454545454543,12.698412698412698,연예인,-21.0,24,-2
성시경,서초동 평양면옥,2004-08-06,200,2099-12-31,0,2021-10-08,447,200,0,-0.3599942602955948,100.0,0.0,연예인,0.0,0,0
성시경,을지칼국수,2011-06-13,191,2021-08-18,9,2021-10-16,4379,200,4,3.822749691232836,80.0,44.44444444444444,연예인,5.0,4,4
성시경,시골집,2020-10-15,200,2099-12-31,0,2021-10-21,518768,200,0,-0.0256472296152915,100.0,0.0,연예인,0.0,0,0
성시경,춘향미엔,2018-01-29,182,2021-09-19,18,2021-10-21,1232,200,2,5.791802577125659,12.5,11.11111111111111,연예인,-6.0,2,-2
성시경,서대문 양꼬치,2008-06-30,24,2015-08-24,176,2021-10-18,1335,200,9,3.358567479308128,5.389221556886228,5.113636363636364,연예인,-2.0,9,3
성시경,강남혜장국,2007-09-16,200,2099-12-31,0,2021-10-19,27917,200,0,-0.3053783855943516,100.0,0.0,연예인,0.0,0,0
성시경,청실홍실,2007-07-02,149,2021-07-27,51,2021-10-21,23200,200,1,29.4705303040588,2.0,1.96078431372549,연예인,-1.0,1,-1
성시경,구반포,2009-10-25,13,2014-05-17,187,2021-10-20,32342,200,2,2.675815162010518,1.0810810810810811,1.06951871657754,연예인,-8.0,1,-2
성시경,성천막국수,2005-05-29,146,2021-06-08,54,2021-10-17,1490,200,1,23.17832068892673,1.8867924528301887,1.851851851851852,연예인,0.0,1,1
성시경,금산제면소,2017-07-20,200,2099-12-31,0,2021-10-21,3192,200,0,-0.103207810320781,100.0,0.0,연예인,0.0,0,0
성시경,내당한우,2013-05-27,200,2099-12-31,0,2021-10-20,1307,200,0,-0.1939991779695848,100.0,0.0,연예인,0.0,0,0
성시경,장가라라멘,2006-01-26,52,2016-09-04,148,2021-07-30,1148,200,30,3.922815342506843,25.42372881355932,20.27027027027027,연예인,-35.0,30,-2
성시경,전통아바이순대,2006-07-23,39,2015-09-07,161,2021-10-20,7297,200,1,3.359431868019017,0.625,0.6211180124223602,연예인,1.0,1,1
신동엽,청담동 뜨락,2006-10-13,29,2017-01-19,171,2021-10-17,1401,200,70,4.989448878297581,69.3069306930693,40.93567251461988,연예인,-74.0,70,-12
신동엽,청국장서갈비,2010-09-02,71,2017-11-24,129,2021-10-09,2476,200,8,2.6062352098725774,6.6115702479338845,6.2015503875969,연예인,-4.0,8,6
신동엽,태화원,2007-05-21,94,2021-02-07,106,2021-10-21,1812,200,23,20.820649524171824,27.710843373493976,21.69811320754717,연예인,-15.0,23,-3
신동엽,갯마을,2021-08-17,0,2021-08-17,200,2021-10-21,62432,200,1,0.0,0.5025125628140703,0.5,연예인,-4.0,1,-1
신동엽,봉피양샤브,2011-06-06,118,2020-08-29,81,2021-10-17,530,200,31,6.082515859507969,62.0,38.2716049382716,연예인,-9.0,30,-1
신동엽,엄마손떡볶이,2006-11-12,31,2013-04-08,169,2021-10-19,13012,200,3,2.2356048180624244,1.8072289156626504,1.7751479289940828,연예인,-3.0,3,-3
신동엽,태화원,2007-05-21,94,2021-02-07,106,2021-10-21,1812,200,23,20.820649524171824,27.710843373493976,21.69811320754717,연예인,-15.0,23,-3
신동엽,토말 본점,2011-02-04,20,2016-08-24,95,2021-09-15,118,200,19,1.6102839468224084,25.0,20.0,연예인,-42.0,19,-7
신동엽,70년 소머리 국밥,2012-03-29,6,2015-11-08,194,2021-10-18,1189,200,51,2.959898363883419,35.66433566433567,26.28865979381444,연예인,-40.0,47,-3
신동엽,청주 육거리 시장,2008-02-21,200,2099-12-31,0,2021-10-16,10121,200,0,-0.2972191588924324,100.0,0.0,연예인,0.0,0,0
신동엽,몽마 베이커리,2006-05-15,154,2021-02-20,46,2021-09-28,418,200,3,10.137655657595417,6.976744186046512,6.521739130434782,연예인,-5.0,3,-3
신동엽,봉화전,2011-10-27,76,2018-11-02,124,2021-10-06,1000,200,9,3.135996192488121,7.82608695652174,7.258064516129033,연예인,-8.0,9,-1
신동엽,까치네,2006-04-02,112,2020-03-01,88,2021-10-21,6937,200,1,7.09403238639238,1.1494252873563218,1.1363636363636365,연예인,-5.0,1,-1
신동엽,돌곰네,2009-01-15,168,2021-01-30,32,2021-10-17,1536,200,1,3.953605205163186,3.225806451612903,3.125,연예인,-1.0,1,-1
신동엽,정가네 손칼국수,2010-07-30,156,2021-02-23,44,2021-10-18,1539,200,3,5.9523436900652085,7.317073170731707,6.8181818181818175,연예인,-2.0,3,1
신동엽,대성집,2010-04-12,174,2021-09-17,26,2021-10-21,7443,200,1,30.439950980392155,4.0,3.8461538461538463,연예인,-1.0,1,-1
신동엽,현고대 닭발,2005-02-19,81,2017-03-16,118,2021-10-19,1937,200,2,3.161441538734428,1.7241379310344829,1.694915254237288,연예인,-4.0,2,-2
신동엽,포천곱창전골,2009-07-20,14,2016-10-17,186,2021-10-21,1457,200,7,4.312551652354931,3.910614525139665,3.763440860215054,연예인,2.0,7,1
신동엽,부첼리하우스,2016-12-27,25,2017-09-09,175,2021-10-20,1316,200,5,0.3314720997003993,2.941176470588235,2.857142857142857,연예인,-15.0,5,-5
최자,까치둥지,2008-06-05,39,2018-08-17,161,2021-10-21,6995,200,31,6.264035646197155,23.846153846153847,19.25465838509317,연예인,-31.0,29,-6
최자,뽈살집,2009-12-26,195,2021-10-17,5,2021-10-21,4591,200,1,52.01069151402736,25.0,20.0,연예인,-4.0,1,-1
최자,오죽이네,2012-03-23,14,2018-07-20,186,2021-10-20,7078,200,58,5.264666666666667,45.3125,31.18279569892473,연예인,-89.0,57,-20
최자,송파 사랑방,2009-03-02,44,2020-11-16,156,2021-10-21,2516,200,29,20.766894999182703,22.83464566929134,18.58974358974359,연예인,10.0,29,7
최자,황평집,2008-02-26,93,2018-11-06,107,2021-10-19,2084,200,9,3.76034632034632,9.183673469387756,8.411214953271028,연예인,-13.0,9,1
최자,아노브,2016-06-14,65,2021-05-20,135,2021-10-21,1629,200,14,16.43240677978324,11.570247933884298,10.37037037037037,연예인,-19.0,14,-6
최자,신비갈비살,2008-08-06,140,2021-04-15,60,2021-10-20,2082,200,3,13.935767862471025,5.263157894736842,5.0,연예인,-2.0,3,-1
최자,일통이반,2014-06-29,97,2020-10-21,103,2021-10-18,2838,200,4,6.468998385187812,4.040404040404041,3.883495145631068,연예인,-2.0,4,0
최자,산수갑산,2013-06-05,32,2017-08-02,168,2021-10-21,10422,200,20,2.6913809462576346,13.513513513513514,11.904761904761903,연예인,-18.0,20,-2
최자,고미테,2004-11-06,48,2021-07-17,4,2021-08-22,26,200,2,6.331610263699815,100.0,50.0,연예인,-2.0,2,-2
최자,현정이네철판두루치기,2015-11-10,62,2017-11-09,138,2021-10-19,461,200,17,0.2365696347031965,14.049586776859504,12.318840579710146,연예인,-10.0,16,1
최자,상원냉면,2018-12-19,84,2020-07-08,116,2021-10-08,1240,200,5,1.082175216792285,4.504504504504505,4.310344827586207,연예인,-11.0,5,-5
최자,광명식당,2008-05-28,81,2019-10-17,119,2021-10-18,99502,200,10,6.998652730860849,9.174311926605505,8.403361344537815,연예인,-12.0,9,-4
최자,남영돈,2018-01-23,15,2019-08-03,185,2021-10-21,3306,200,9,2.754027639249064,5.113636363636364,4.864864864864865,연예인,-35.0,8,-9
최자,월래순교자관만두,2018-09-11,0,2018-09-11,200,2021-10-20,1103,200,71,0.0,55.03875968992248,35.5,연예인,6.0,71,17
최자,왕십리 장어구이,2009-06-01,143,2019-11-21,57,2021-10-15,1271,200,12,2.0221143960369927,26.666666666666668,21.052631578947366,연예인,-10.0,12,0
최자,호수집,2006-05-23,64,2016-02-03,136,2021-10-18,3471,200,26,2.6556811815138714,23.63636363636364,19.11764705882353,연예인,-41.0,26,-4
최자,진옥화할매원조닭한마리,2010-03-16,124,2020-04-12,76,2021-10-19,2328,200,2,4.372268409714062,2.702702702702702,2.631578947368421,연예인,-1.0,2,0
최자,의령식당,2013-12-12,55,2020-07-12,145,2021-10-16,1302,200,18,8.355918236417253,14.173228346456693,12.413793103448276,연예인,-13.0,18,-2
최자,고도식,2018-11-06,107,2021-06-06,93,2021-10-20,2307,200,1,6.154139869627597,1.0869565217391304,1.0752688172043012,연예인,-7.0,1,-1
최자,당골식당,2007-09-19,145,2020-07-26,54,2021-10-11,8500,200,7,4.688215127813113,14.893617021276595,12.962962962962962,연예인,-21.0,7,-5
최자,신논현 혜장국,2020-12-25,134,2021-08-05,66,2021-10-21,220,200,4,0.76873798846893,6.451612903225806,6.0606060606060606,연예인,-4.0,4,0
최자,아각아각,2005-04-23,86,2020-08-24,114,2021-10-21,8455,200,5,15.31265113016881,4.587155963302752,4.385964912280701,연예인,-19.0,5,-5
최자,대한옥,2015-09-30,47,2019-07-26,153,2021-10-19,4327,200,13,3.400700268817204,9.285714285714286,8.49673202614379,연예인,-9.0,13,-1
최자,고가길구공탄,2011-10-24,42,2018-06-17,158,2021-10-13,599,200,22,4.11,16.176470588235293,13.924050632911392,연예인,-3.0,19,4
최자,우정양곱창,2018-01-02,86,2020-08-14,114,2021-10-14,5843,200,8,2.452010766167686,7.547169811320755,7.017543859649122,연예인,3.0,8,2
최자,이한진숙성회,2019-03-13,67,2020-04-30,133,2021-10-17,364,200,7,0.8233750056435958,5.555555555555555,5.263157894736842,연예인,-13.0,7,-3
최자,호별관,2015-05-08,82,2021-08-30,34,2021-10-17,58,200,12,15.837098149754263,54.54545454545454,35.294117647058826,연예인,16.0,12,12
비(정지훈),부원냉면,2008-04-09,200,2099-12-31,0,2021-10-18,3334,200,0,-0.2948989642718562,100.0,0.0,연예인,0.0,0,0
비(정지훈),안춘선 배추갈비탕,2009-07-28,114,2099-12-31,0,2021-09-17,58,200,0,-0.1530446893544871,100.0,0.0,연예인,0.0,0,0
비(정지훈),노스트레스버거,2020-02-29,200,2099-12-31,0,2021-10-19,2128,200,0,-0.0410150891632373,100.0,0.0,연예인,0.0,0,0
비(정지훈),미미미 가든,2018-03-19,200,2099-12-31,0,2021-10-20,967,200,0,-0.0877745045527584,100.0,0.0,연예인,0.0,0,0
비(정지훈),돝고기,2016-03-02,200,2099-12-31,0,2021-10-17,1649,200,0,-0.1342303798295176,100.0,0.0,연예인,0.0,0,0
비(정지훈),소인수서울,2020-08-04,200,2099-12-31,0,2021-10-18,2239,200,0,-0.0303416887908147,100.0,0.0,연예인,0.0,0,0
비(정지훈),피셔맨즈,2006-11-12,200,2099-12-31,0,2021-10-15,10911,200,0,-0.3204868154158214,100.0,0.0,연예인,0.0,0,0
비(정지훈),우미남,2018-09-10,200,2099-12-31,0,2021-10-20,706,200,0,-0.0765060443815873,100.0,0.0,연예인,0.0,0,0
비(정지훈),천지식당,2006-06-06,200,2099-12-31,0,2021-10-13,112311,200,0,-0.328183520599251,100.0,0.0,연예인,0.0,0,0
비(정지훈),막내횟집,2004-06-16,200,2099-12-31,0,2021-10-06,19639,200,0,-0.3622764786795048,100.0,0.0,연예인,0.0,0,0
비(정지훈),사선대가든,2004-07-08,198,2099-12-31,0,2021-10-08,240,200,0,-0.3577444514538051,100.0,0.0,연예인,0.0,0,0
문세윤,평방옥,2019-01-22,32,2019-12-21,132,2021-10-08,82,200,34,1.0376897445390596,34.69387755102041,25.75757575757576,연예인,-22.0,34,2
문세윤,큰맘할매순댓국,2015-04-03,94,2020-02-03,106,2021-10-15,1023,200,6,2.811175438596491,6.0,5.660377358490567,연예인,6.0,6,2
문세윤,서운 칼국수,2010-06-24,72,2021-03-30,128,2021-10-15,2737,200,16,25.81481681039991,14.285714285714285,12.5,연예인,-11.0,16,-4
문세윤,김북순큰잠비집,2008-01-06,90,2018-03-09,110,2021-10-16,842,200,13,2.9838274719962885,13.402061855670103,11.818181818181818,연예인,-3.0,13,-1
김준현,낭만짜장,2013-08-17,200,2099-12-31,0,2021-10-19,8154,200,0,-0.1892414492661743,100.0,0.0,연예인,0.0,0,0
김준현,서유기짬뽕 ,2016-08-06,200,2099-12-31,0,2021-10-14,1581,200,0,-0.1244173068084827,100.0,0.0,연예인,0.0,0,0
김준현,주은감자탕,2009-10-23,200,2099-12-31,0,2021-10-18,2250,200,0,-0.265808566831608,100.0,0.0,연예인,0.0,0,0
김준현,원조수구레,2008-07-17,200,2099-12-31,0,2021-10-21,1232,200,0,-0.2900251466890193,100.0,0.0,연예인,0.0,0,0
김준현,피자헤븐,2011-06-19,200,2099-12-31,0,2021-10-21,6464,200,0,-0.2336023749884034,100.0,0.0,연예인,0.0,0,0
김준현,태조석갈비,2016-08-30,200,2099-12-31,0,2021-10-19,1202,200,0,-0.1232669689204284,100.0,0.0,연예인,0.0,0,0
김준현,하롱베이의 하루,2007-12-01,200,2099-12-31,0,2021-10-07,17930,200,0,-0.3008354889543008,100.0,0.0,연예인,0.0,0,0
김준현,배떼기곱창,2015-12-26,200,2099-12-31,0,2021-10-12,1293,200,0,-0.1379782311151665,100.0,0.0,연예인,0.0,0,0
김준현,주은감자탕,2009-10-23,200,2099-12-31,0,2021-10-18,2250,200,0,-0.265808566831608,100.0,0.0,연예인,0.0,0,0
김준현,옛진미칼국수,2010-05-12,200,2099-12-31,0,2021-10-19,434,200,0,-0.255222968845449,100.0,0.0,연예인,0.0,0,0
김준현,오미냉면,2011-11-18,200,2099-12-31,0,2021-10-17,3015,200,0,-0.2250116513903992,100.0,0.0,연예인,0.0,0,0
김준현,주양돈까스나라,2010-09-25,200,2099-12-31,0,2021-10-11,347,200,0,-0.247454300085879,100.0,0.0,연예인,0.0,0,0
더들리,정식당,2014-07-21,200,2099-12-31,0,2021-10-21,20048,200,0,-0.16975872344516,100.0,0.0,유튜버,0.0,0,0
더들리,신라호텔,2021-02-22,200,2099-12-31,0,2021-10-20,283677,200,0,-0.0166660879830561,100.0,0.0,유튜버,0.0,0,0
더들리,바이킹스워프,2016-12-04,200,2099-12-31,0,2021-10-21,14597,200,0,-0.1174609452244413,100.0,0.0,유튜버,0.0,0,0
더들리,워커힐호텔,2012-09-14,200,2099-12-31,0,2021-10-21,75365,200,0,-0.2085058336469702,100.0,0.0,유튜버,0.0,0,0
더들리,신라호텔,2021-02-22,200,2099-12-31,0,2021-10-20,283677,200,0,-0.0166660879830561,100.0,0.0,유튜버,0.0,0,0
더들리,63빌딩,2020-09-05,200,2099-12-31,0,2021-10-21,216081,200,0,-0.0283732007869938,100.0,0.0,유튜버,0.0,0,0
더들리,조선호텔,2021-01-14,200,2099-12-31,0,2021-10-21,134448,200,0,-0.0194174757281553,100.0,0.0,유튜버,0.0,0,0
더들리,플라자호텔,2019-04-02,200,2099-12-31,0,2021-10-21,212613,200,0,-0.0632692503305869,100.0,0.0,유튜버,0.0,0,0
더들리,스테이크,2021-07-09,200,2099-12-31,0,2021-10-21,4771689,200,0,-0.0072564889757186,100.0,0.0,유튜버,0.0,0,0
더들리,신라호텔,2021-02-22,200,2099-12-31,0,2021-10-20,283677,200,0,-0.0166660879830561,100.0,0.0,유튜버,0.0,0,0
더들리,비채나,2012-10-28,200,2099-12-31,0,2021-10-19,5100,200,0,-0.2059045226130653,100.0,0.0,유튜버,0.0,0,0
더들리,포시즌스,2019-01-10,200,2099-12-31,0,2021-10-21,52761,200,0,-0.0686390532544378,100.0,0.0,유튜버,0.0,0,0
더들리,로우앤슬로우,2019-08-27,200,2099-12-31,0,2021-10-21,4502,200,0,-0.0535677775506031,100.0,0.0,유튜버,0.0,0,0
더들리,팔선,2014-07-19,200,2099-12-31,0,2021-10-21,24448,200,0,-0.1698760052545576,100.0,0.0,유튜버,0.0,0,0
더들리,간장게장,2021-05-17,200,2099-12-31,0,2021-10-21,784481,200,0,-0.0109342897935021,100.0,0.0,유튜버,0.0,0,0
더들리,그랜드하얏트,2021-03-20,200,2099-12-31,0,2021-10-21,117315,200,0,-0.0149435273675065,100.0,0.0,유튜버,0.0,0,0
더들리,시그니엘,2021-01-22,200,2099-12-31,0,2021-10-21,49582,200,0,-0.0188679245283018,100.0,0.0,유튜버,0.0,0,0
더들리,세이지우드,2019-07-22,200,2099-12-31,0,2021-10-21,24620,200,0,-0.0559526240555442,100.0,0.0,유튜버,0.0,0,0
더들리,롯데호텔,2021-02-01,200,2099-12-31,0,2021-10-21,298374,200,0,-0.0181805565193255,100.0,0.0,유튜버,0.0,0,0
더들리,워커힐,2021-03-03,200,2099-12-31,0,2021-10-21,199780,200,0,-0.0161155876632397,100.0,0.0,유튜버,0.0,0,0
더들리,구전동화,2008-11-11,200,2099-12-31,0,2021-10-21,15560,200,0,-0.2840147805449575,100.0,0.0,유튜버,0.0,0,0
더들리,롯데호텔,2021-02-01,200,2099-12-31,0,2021-10-21,298374,200,0,-0.0181805565193255,100.0,0.0,유튜버,0.0,0,0
더들리,신라호텔,2021-02-22,200,2099-12-31,0,2021-10-20,283677,200,0,-0.0166660879830561,100.0,0.0,유튜버,0.0,0,0
더들리,플레이버즈,2018-08-20,200,2099-12-31,0,2021-10-20,16549,200,0,-0.0778652668416448,100.0,0.0,유튜버,0.0,0,0
더들리,롯데호텔서울,2018-01-10,200,2099-12-31,0,2021-10-21,17609,200,0,-0.0921843687374749,100.0,0.0,유튜버,0.0,0,0
더들리,광화문,2021-08-11,200,2099-12-31,0,2021-10-21,1542984,200,0,-0.004959659110754,100.0,0.0,유튜버,0.0,0,0
더들리,노량진수산시장,2020-07-21,200,2099-12-31,0,2021-10-20,107065,200,0,-0.0314298514663817,100.0,0.0,유튜버,0.0,0,0
더들리,밍글스,2014-05-13,200,2099-12-31,0,2021-10-20,5599,200,0,-0.1737323358270989,100.0,0.0,유튜버,0.0,0,0
더들리,신라호텔,2021-02-22,200,2099-12-31,0,2021-10-20,283677,200,0,-0.0166660879830561,100.0,0.0,유튜버,0.0,0,0
더들리,권숙수,2015-07-04,200,2099-12-31,0,2021-10-20,2943,200,0,-0.1490554421438061,100.0,0.0,유튜버,0.0,0,0
츄릅켠,시그니엘부산더뷰,2020-06-16,200,2099-12-31,0,2021-10-21,1080,200,0,-0.033870301528294,100.0,0.0,유튜버,0.0,0,0
츄릅켠,금돼지식당,2017-07-25,200,2099-12-31,0,2021-10-21,10276,200,0,-0.10289282274403,100.0,0.0,유튜버,0.0,0,0
츄릅켠,그랜드조선부산아리아,2020-10-08,200,2099-12-31,0,2021-10-21,1572,200,0,-0.0261248185776487,100.0,0.0,유튜버,0.0,0,0
츄릅켠,바이킹스 워프,2016-12-04,200,2099-12-31,0,2021-10-21,14597,200,0,-0.1174609452244413,100.0,0.0,유튜버,0.0,0,0
츄릅켠,차이나반점,2008-09-26,200,2099-12-31,0,2021-10-14,16111,200,0,-0.2859628596285963,100.0,0.0,유튜버,0.0,0,0
츄릅켠,가쯔렛,2009-05-07,200,2099-12-31,0,2021-10-21,365,200,0,-0.2748414376321353,100.0,0.0,유튜버,0.0,0,0
츄릅켠,티파니돈까스,2012-05-30,200,2099-12-31,0,2021-10-20,2390,200,0,-0.214435309930918,100.0,0.0,유튜버,0.0,0,0
츄릅켠,삼오불고기,2007-06-10,200,2099-12-31,0,2021-10-04,1275,200,0,-0.3094033779986393,100.0,0.0,유튜버,0.0,0,0
츄릅켠,소문난원조쌈밥,2006-09-14,143,2020-11-14,57,2021-10-20,1636,200,1,7.72178360329639,1.7857142857142856,1.7543859649122806,유튜버,1.0,1,1
츄릅켠,쫀드기집,2007-05-11,200,2099-12-31,0,2021-10-21,33438,200,0,-0.3119070839613441,100.0,0.0,유튜버,0.0,0,0
츄릅켠,우두머리,2005-11-30,200,2099-12-31,0,2021-10-19,278111,200,0,-0.3376789663601443,100.0,0.0,유튜버,0.0,0,0
츄릅켠,김유순대구뽈찜,2010-09-13,200,2099-12-31,0,2021-10-21,2400,200,0,-0.2487122884473877,100.0,0.0,유튜버,0.0,0,0
츄릅켠,영도뼈다귀해장국,2005-03-16,128,2020-09-20,72,2021-10-21,300,200,1,9.654192213292266,1.4084507042253522,1.3888888888888888,유튜버,-1.0,1,-1
츄릅켠,천백돈까스,2010-04-16,200,2099-12-31,0,2021-10-03,666,200,0,-0.255630836843069,100.0,0.0,유튜버,0.0,0,0
츄릅켠,타이가 텐푸라,2019-10-18,200,2099-12-31,0,2021-10-21,827,200,0,-0.0501126510548235,100.0,0.0,유튜버,0.0,0,0
츄릅켠,코카모메,2019-04-07,119,2021-08-01,81,2021-10-17,1356,200,1,8.421818181818182,1.25,1.2345679012345678,유튜버,0.0,1,1
츄릅켠,그랜드조선 부산 팔레드신,2020-10-08,200,2099-12-31,0,2021-10-20,1454,200,0,-0.0260557053009883,100.0,0.0,유튜버,0.0,0,0
츄릅켠,안동상회,2007-12-31,200,2099-12-31,0,2021-10-19,5910,200,0,-0.3000327351724549,100.0,0.0,유튜버,0.0,0,0
츄릅켠,꼬리집,2006-07-19,121,2020-02-26,79,2021-10-20,970,200,1,5.955529642974124,1.282051282051282,1.2658227848101269,유튜버,-3.0,1,-1
츄릅켠,돌쇠장작구이,2010-06-02,200,2099-12-31,0,2021-10-20,680,200,0,-0.2541642470735658,100.0,0.0,유튜버,0.0,0,0
츄릅켠,대게만찬,2017-07-14,200,2099-12-31,0,2021-10-19,16940,200,0,-0.1034528552456839,100.0,0.0,유튜버,0.0,0,0
츄릅켠,생선구이,2021-06-10,200,2099-12-31,0,2021-10-21,1369739,200,0,-0.0092705537936081,100.0,0.0,유튜버,0.0,0,0
츄릅켠,가마솥 돼지갈비,2006-05-16,167,2021-03-28,33,2021-09-29,16800,200,1,8.289049076701012,3.125,3.0303030303030303,유튜버,1.0,1,1
츄릅켠,이케아동부산점,2019-12-28,200,2099-12-31,0,2021-10-21,8732,200,0,-0.0453752181500872,100.0,0.0,유튜버,0.0,0,0
츄릅켠,연산낙지해물탕,2011-09-04,200,2099-12-31,0,2021-10-15,728,200,0,-0.2290142591444513,100.0,0.0,유튜버,0.0,0,0
츄릅켠,소문난순대,2008-04-04,165,2021-07-21,35,2021-10-19,47025,200,1,17.553863719568003,2.941176470588235,2.857142857142857,유튜버,-4.0,1,-1
츄릅켠,나탄 약선요리,2018-07-31,168,2099-12-31,0,2021-10-12,84,200,0,-0.0660407559351671,100.0,0.0,유튜버,0.0,0,0
츄릅켠,일신슈퍼,2006-08-16,200,2099-12-31,0,2021-10-17,6945,200,0,-0.3249376924204661,100.0,0.0,유튜버,0.0,0,0
츄릅켠,명동돼지숯불갈비,2009-04-07,200,2099-12-31,0,2021-10-17,4327,200,0,-0.276161738080869,100.0,0.0,유튜버,0.0,0,0
츄릅켠,구로마쯔,2008-02-12,200,2099-12-31,0,2021-10-20,1365,200,0,-0.2979141835518474,100.0,0.0,유튜버,0.0,0,0
수요미식회,카페 노티드,2021-02-12,200,2099-12-31,0,2021-10-21,61036,200,0,-0.0174239005935233,100.0,0.0,방송프로그램,0.0,0,0
수요미식회,목향원,2015-11-09,12,2017-10-22,188,2021-10-18,14232,200,78,2.4347826086956523,70.9090909090909,41.48936170212766,방송프로그램,-91.0,76,-18
수요미식회,애플하우스,2017-04-17,2,2018-02-02,198,2021-10-21,20147,200,15,2.2913337739657167,8.19672131147541,7.575757575757576,방송프로그램,-10.0,15,1
수요미식회,다운타우너 한남,2017-06-03,0,2017-06-03,200,2021-10-18,5563,200,7,0.0,3.6269430051813454,3.5000000000000004,방송프로그램,-18.0,7,-5
수요미식회,서촌스코프,2017-03-27,18,2017-10-07,182,2021-10-21,6500,200,19,0.5108195701555127,11.65644171779141,10.43956043956044,방송프로그램,-15.0,18,2
수요미식회,엘림들깨수제비칼국수,2011-06-21,58,2018-02-14,142,2021-10-19,931,200,27,3.0887709721800896,23.47826086956522,19.01408450704225,방송프로그램,7.0,26,12
수요미식회,로리스 더 프라임 립,2013-11-17,74,2017-06-12,126,2021-10-21,2172,200,30,0.6471399109901,31.25,23.809523809523807,방송프로그램,8.0,30,10
수요미식회,명동돈가스,2004-02-17,54,2016-07-25,146,2021-10-21,3548,200,30,4.157083355764174,25.86206896551724,20.54794520547945,방송프로그램,-66.0,29,-14
수요미식회,기와집순두부 조안본점,2010-07-14,11,2019-01-16,189,2021-10-17,656,200,13,7.589326024318561,7.386363636363637,6.878306878306878,방송프로그램,-51.0,13,-11
수요미식회,정돈 대학로본점,2018-06-13,7,2020-01-10,193,2021-10-14,1303,200,32,3.510753439822015,19.875776397515526,16.580310880829018,방송프로그램,-34.0,32,-10
수요미식회,서일순대국,2006-09-24,107,2018-01-31,93,2021-10-18,2842,200,22,2.354309219160455,30.985915492957744,23.655913978494624,방송프로그램,-19.0,22,0
수요미식회,네거리식당,2009-06-10,42,2016-10-25,158,2021-10-21,7091,200,26,3.2121265698380834,19.69696969696969,16.455696202531644,방송프로그램,-10.0,26,2
수요미식회,두꺼비게장,2008-08-22,54,2018-03-20,146,2021-10-17,5819,200,21,4.624541302097611,16.8,14.383561643835616,방송프로그램,-26.0,21,-7
수요미식회,하동관명동본점,2007-06-23,29,2016-01-11,171,2021-10-21,3019,200,9,3.755901833231184,5.555555555555555,5.263157894736842,방송프로그램,-8.0,9,-5
수요미식회,쪼매매운떡볶이 공릉,2013-03-25,13,2018-01-15,187,2021-10-10,576,200,78,4.047868296399654,71.55963302752293,41.711229946524064,방송프로그램,11.0,78,24
수요미식회,남포면옥,2006-07-28,64,2017-10-25,136,2021-10-21,6273,200,11,4.326529334803277,8.799999999999999,8.088235294117647,방송프로그램,-7.0,11,-3
수요미식회,깡통만두,2010-10-30,22,2016-11-30,178,2021-10-19,19855,200,39,3.6014614890393744,28.05755395683453,21.910112359550563,방송프로그램,-22.0,39,-5
수요미식회,농민백암순대 본점,2017-05-01,3,2017-11-16,197,2021-10-21,1278,200,19,1.9968599793392048,10.674157303370784,9.64467005076142,방송프로그램,-1.0,19,3
수요미식회,듀자미,2010-02-10,88,2016-12-21,112,2021-10-20,5717,200,34,1.211669770328988,43.58974358974359,30.35714285714285,방송프로그램,-31.0,33,-6
수요미식회,진미평양냉면,2016-06-05,10,2017-07-26,190,2021-10-20,7264,200,16,1.939049369747899,9.195402298850574,8.421052631578947,방송프로그램,-7.0,14,-2
수요미식회,리틀넥 청담,2018-06-22,11,2019-06-07,189,2021-10-20,4271,200,8,2.271685384361597,4.41988950276243,4.232804232804233,방송프로그램,-4.0,8,0
수요미식회,미가훠궈양고기,2015-10-11,10,2018-10-15,190,2021-10-20,1961,200,32,3.5981833870035502,20.253164556962027,16.842105263157894,방송프로그램,14.0,31,12
수요미식회,사랑방칼국수,2008-04-17,70,2019-07-04,130,2021-10-20,8661,200,14,6.801634831861292,12.06896551724138,10.76923076923077,방송프로그램,27.0,14,10
수요미식회,피터팬1978,2013-10-02,34,2017-06-06,166,2021-10-17,1702,200,37,2.3150629734923687,28.68217054263566,22.289156626506024,방송프로그램,-13.0,36,-1
수요미식회,소금집델리 망원,2018-09-28,0,2018-09-28,200,2021-10-21,2776,200,14,0.0,7.526881720430108,7.000000000000001,방송프로그램,-5.0,14,0
수요미식회,잉글랜드왕돈까스,2007-03-10,82,2019-07-11,118,2021-10-21,3132,200,1,6.5914602272333696,0.8547008547008548,0.847457627118644,방송프로그램,-3.0,1,-1
수요미식회,계림,2019-09-16,11,2020-11-30,189,2021-10-21,183623,200,6,4.263518855747428,3.278688524590164,3.1746031746031744,방송프로그램,-16.0,6,-4
수요미식회,수영 돼지국밥,2012-04-30,25,2018-02-19,175,2021-10-21,11945,200,40,4.112018320702005,29.629629629629623,22.857142857142858,방송프로그램,-24.0,40,4
수요미식회,정인면옥 본점,2014-03-21,8,2017-09-10,192,2021-10-19,1405,200,8,3.369757352245863,4.3478260869565215,4.166666666666666,방송프로그램,-15.0,7,-2
수요미식회,키에리,2015-10-16,9,2017-01-26,191,2021-10-18,7498,200,41,2.005968000713076,27.33333333333333,21.46596858638744,방송프로그램,-48.0,40,-9
생생정보통,이성당,2020-01-23,200,2099-12-31,0,2021-10-21,89717,200,0,-0.0436346199952049,100.0,0.0,방송프로그램,0.0,0,0
생생정보통,문개항아리 조천본점,2017-07-27,200,2099-12-31,0,2021-10-19,392,200,0,-0.1026339389510745,100.0,0.0,방송프로그램,0.0,0,0
생생정보통,장인의집,2015-07-01,200,2099-12-31,0,2021-10-21,792251,200,0,-0.1493001555209953,100.0,0.0,방송프로그램,0.0,0,0
생생정보통,야자수마을카페,2020-09-22,200,2099-12-31,0,2021-10-20,15363,200,0,-0.0271465082544726,100.0,0.0,방송프로그램,0.0,0,0
생생정보통,다우랑,2010-09-04,200,2099-12-31,0,2021-10-21,24058,200,0,-0.2491954022988506,100.0,0.0,방송프로그램,0.0,0,0
생생정보통,강릉갈비찜,2019-12-10,200,2099-12-31,0,2021-10-21,11942,200,0,-0.0465784343900687,100.0,0.0,방송프로그램,0.0,0,0
생생정보통,원조호수삼계탕,2012-11-26,200,2099-12-31,0,2021-10-20,1984,200,0,-0.2043318348998774,100.0,0.0,방송프로그램,0.0,0,0
생생정보통,푸른회식당,2011-03-05,200,2099-12-31,0,2021-10-11,1047,200,0,-0.2387572049440557,100.0,0.0,방송프로그램,0.0,0,0
생생정보통,흔들바위,2007-06-18,200,2099-12-31,0,2021-10-20,43138,200,0,-0.3099499985206663,100.0,0.0,방송프로그램,0.0,0,0
생생정보통,봉평메밀미가연,2010-08-31,200,2099-12-31,0,2021-10-15,915,200,0,-0.249042263017561,100.0,0.0,방송프로그램,0.0,0,0
생생정보통,일미닭강정,2012-02-23,200,2099-12-31,0,2021-10-19,6509,200,0,-0.2197706307653951,100.0,0.0,방송프로그램,0.0,0,0
생생정보통,또와요짬뽕,2020-09-08,200,2099-12-31,0,2021-10-20,621,200,0,-0.0280999723833195,100.0,0.0,방송프로그램,0.0,0,0
생생정보통,산골항아리바베큐,2017-08-16,200,2099-12-31,0,2021-10-19,1390,200,0,-0.1013726858776215,100.0,0.0,방송프로그램,0.0,0,0
생생정보통,제철쌈밥,2014-12-19,200,2099-12-31,0,2021-09-30,21595,200,0,-0.1595080172580333,100.0,0.0,방송프로그램,0.0,0,0
생생정보통,잘빠진메밀 서촌 본점,2017-06-02,200,2099-12-31,0,2021-10-20,303,200,0,-0.1061600689609442,100.0,0.0,방송프로그램,0.0,0,0
생생정보통,최미자소머리국밥,2008-03-20,200,2099-12-31,0,2021-10-21,3378,200,0,-0.2960952182083942,100.0,0.0,방송프로그램,0.0,0,0
생생정보통,중앙탑메밀마당,2009-06-13,200,2099-12-31,0,2021-10-19,880,200,0,-0.2727904937562362,100.0,0.0,방송프로그램,0.0,0,0
생생정보통,꾸본난로회,2019-01-02,200,2099-12-31,0,2021-10-14,443,200,0,-0.0686880978940607,100.0,0.0,방송프로그램,0.0,0,0
생생정보통,파인에이플러스,2020-02-11,200,2099-12-31,0,2021-10-20,2456,200,0,-0.0422921379121255,100.0,0.0,방송프로그램,0.0,0,0
생생정보통,배터지는게장,2013-08-26,200,2099-12-31,0,2021-10-15,1343,200,0,-0.1884710507958653,100.0,0.0,방송프로그램,0.0,0,0
생생정보통,그린횟집,2011-01-09,200,2099-12-31,0,2021-10-16,1953,200,0,-0.2420456643485753,100.0,0.0,방송프로그램,0.0,0,0
생생정보통,대보명가,2008-08-28,200,2099-12-31,0,2021-10-19,2772,200,0,-0.2877525328217732,100.0,0.0,방송프로그램,0.0,0,0
생생정보통,빈해원,2009-11-11,200,2099-12-31,0,2021-10-21,6816,200,0,-0.2649899763076362,100.0,0.0,방송프로그램,0.0,0,0
생생정보통,교동고로케,2014-04-27,200,2099-12-31,0,2021-10-21,8226,200,0,-0.1747299801878954,100.0,0.0,방송프로그램,0.0,0,0
생생정보통,이서방왕족발보쌈 수원본점,2012-02-28,200,2099-12-31,0,2021-10-16,347,200,0,-0.2193061746096063,100.0,0.0,방송프로그램,0.0,0,0
생생정보통,미친닭 & 취하루,2021-04-09,96,2099-12-31,0,2021-10-20,48,200,0,-0.0064767866458007,100.0,0.0,방송프로그램,0.0,0,0
생생정보통,나눌터,2011-09-02,200,2099-12-31,0,2021-10-21,1720,200,0,-0.2294960014878184,100.0,0.0,방송프로그램,0.0,0,0
생생정보통,옹기골만찬쌈밥,2015-11-04,200,2099-12-31,0,2021-10-21,773,200,0,-0.1417138395471403,100.0,0.0,방송프로그램,0.0,0,0
생생정보통,춘천산속에닭갈비,2009-10-06,200,2099-12-31,0,2021-10-21,11303,200,0,-0.2668851265246678,100.0,0.0,방송프로그램,0.0,0,0
생생정보통,호족반,2016-03-01,200,2099-12-31,0,2021-10-21,6325,200,0,-0.1345525800130633,100.0,0.0,방송프로그램,0.0,0,0
전참시,성심당 본점,2014-06-17,80,2020-06-28,120,2021-10-21,17723,200,1,5.733192237857468,0.8403361344537815,0.8333333333333334,방송프로그램,0.0,1,1
전참시,안성휴게소(부산방향),2011-10-18,29,2018-07-02,171,2021-10-17,1838,200,8,4.758668131630906,4.9079754601227,4.678362573099415,방송프로그램,-21.0,6,-4
전참시,명동교자 본점,2013-08-02,86,2021-06-09,114,2021-10-21,9021,200,15,24.639221674056493,15.151515151515152,13.157894736842104,방송프로그램,-16.0,14,3
전참시,망향휴게소,2005-11-27,69,2018-07-02,131,2021-10-21,10487,200,1,5.431493496271749,0.7692307692307693,0.7633587786259541,방송프로그램,-4.0,0,-1
전참시,금강휴게소(부산방향),2010-06-30,82,2018-06-02,116,2021-10-19,1189,200,2,2.7083201206460945,1.7543859649122806,1.7241379310344829,방송프로그램,-3.0,2,0
전참시,서울만남의광장(부산방향),2005-09-03,45,2018-07-07,155,2021-10-16,1553,200,7,7.058248668936021,4.72972972972973,4.516129032258064,방송프로그램,-6.0,7,-1
전참시,카페산,2018-05-30,6,2018-11-17,194,2021-10-21,16555,200,14,1.815239689495019,7.777777777777778,7.216494845360824,방송프로그램,-15.0,13,-3
전참시,하우스 베이커리,2018-07-14,13,2019-11-24,187,2021-10-21,101157,200,20,2.8941497698109515,11.976047904191615,10.6951871657754,방송프로그램,-31.0,20,-8
전참시,한입소반 숙대본점,2018-09-12,13,2020-02-01,187,2021-10-14,271,200,33,3.1074842066146413,21.428571428571427,17.647058823529413,방송프로그램,-53.0,32,-19
전참시,쉐이크쉑 청담점,2016-12-05,200,2099-12-31,0,2021-10-20,2024,200,0,-0.1173329817738373,100.0,0.0,방송프로그램,0.0,0,0
전참시,제스티살룬,2019-07-16,18,2020-08-13,182,2021-10-21,6955,200,21,3.0939839528410027,13.043478260869565,11.538461538461538,방송프로그램,-31.0,19,-9
전참시,일심본가콩요리,2013-08-06,152,2021-06-18,48,2021-10-21,3207,200,6,9.926187037939435,14.285714285714285,12.5,방송프로그램,-9.0,6,-2
전참시,원조남산왕돈까스,2011-10-18,102,2020-04-26,98,2021-10-18,5989,200,5,5.432583086459413,5.376344086021505,5.1020408163265305,방송프로그램,-7.0,5,-1
전참시,중앙떡볶이,2008-07-16,200,2099-12-31,0,2021-10-17,8861,200,0,-0.2898368507708426,100.0,0.0,방송프로그램,0.0,0,0
전참시,몽탄,2019-05-28,39,2021-03-20,161,2021-10-21,20064,200,8,6.050640694161456,5.228758169934641,4.968944099378882,방송프로그램,-8.0,8,-2
전참시,광릉불고기,2008-09-10,200,2099-12-31,0,2021-10-19,8056,200,0,-0.287085070017092,100.0,0.0,방송프로그램,0.0,0,0
전참시,돈까스잔치 동빙고점,2017-08-30,58,2018-10-27,142,2021-10-19,509,200,25,-0.0997431250869141,21.36752136752137,17.6056338028169,방송프로그램,-63.0,23,-19
전참시,하동관명동본점,2007-06-23,173,2021-07-07,27,2021-10-21,3019,200,2,11.566126262031617,8.0,7.4074074074074066,방송프로그램,-3.0,2,-2
전참시,유림 강서점,2004-10-28,87,2021-09-20,25,2021-10-20,121,200,5,50.80077053962081,25.0,20.0,방송프로그램,-6.0,4,-1
전참시,헤이메르,2018-01-22,64,2019-10-27,136,2021-10-14,3978,200,3,1.223288640902455,2.255639097744361,2.2058823529411766,방송프로그램,-6.0,3,-1
전참시,망원동즉석우동 본점,2012-03-28,145,2021-07-11,55,2021-10-18,326,200,8,17.902124279350105,17.02127659574468,14.545454545454543,방송프로그램,-28.0,5,-8
전참시,원조순희네빈대떡,2011-03-03,200,2099-12-31,0,2021-10-18,3959,200,0,-0.239297272306981,100.0,0.0,방송프로그램,0.0,0,0
전참시,벌집,2020-09-19,200,2099-12-31,0,2021-10-21,468105,200,0,-0.0274199675380736,100.0,0.0,방송프로그램,0.0,0,0
전참시,진미평양냉면,2016-06-05,200,2099-12-31,0,2021-10-20,7263,200,0,-0.1286201022146507,100.0,0.0,방송프로그램,0.0,0,0
전참시,온천칼국수,2011-09-18,41,2019-07-29,159,2021-10-21,28554,200,4,6.664704006427723,2.5806451612903225,2.515723270440252,방송프로그램,4.0,4,2
전참시,맘마미아,2018-07-12,27,2020-07-17,173,2021-10-21,122450,200,1,4.052878813779119,0.5813953488372093,0.5780346820809248,방송프로그램,-3.0,1,-1
전참시,산골농원,2015-04-13,44,2019-03-01,156,2021-10-20,5101,200,26,3.1155632677665346,20.0,16.666666666666664,방송프로그램,-48.0,25,-10
전참시,남문통닭 본점,2013-04-01,25,2019-08-02,175,2021-10-19,1060,200,2,6.418159656970577,1.1560693641618496,1.1428571428571428,방송프로그램,-6.0,2,-2
전참시,한남동한방통닭,2012-10-19,40,2018-06-24,160,2021-10-17,4243,200,23,3.7066563572268665,16.78832116788321,14.374999999999998,방송프로그램,-59.0,21,-13
전참시,카페 차 성수점,2010-07-13,50,2020-08-14,150,2021-10-20,3415,200,6,13.736522878034071,4.166666666666666,4.0,방송프로그램,-21.0,5,-4
생활의 달인,디라이프스타일키친 광화문점,2015-11-15,200,2099-12-31,0,2021-10-20,211,200,0,-0.140983499853549,100.0,0.0,방송프로그램,0.0,0,0
생활의 달인,속초붉은대게수산,2018-04-17,200,2099-12-31,0,2021-10-19,1395,200,0,-0.0858492778876118,100.0,0.0,방송프로그램,0.0,0,0
생활의 달인,로쏘 1924,2019-11-05,200,2099-12-31,0,2021-10-19,1516,200,0,-0.0487771553490914,100.0,0.0,방송프로그램,0.0,0,0
생활의 달인,배키욘방,2019-01-08,200,2099-12-31,0,2021-10-21,1400,200,0,-0.0687696520945329,100.0,0.0,방송프로그램,0.0,0,0
생활의 달인,다연닭갈비,2013-10-13,200,2099-12-31,0,2021-10-10,1364,200,0,-0.1853921879961892,100.0,0.0,방송프로그램,0.0,0,0
생활의 달인,르봉뺑,2017-05-07,200,2099-12-31,0,2021-10-17,1215,200,0,-0.1075924208294686,100.0,0.0,방송프로그램,0.0,0,0
생활의 달인,솔트24,2018-06-27,200,2099-12-31,0,2021-10-19,37983,200,0,-0.0812844283219132,100.0,0.0,방송프로그램,0.0,0,0
생활의 달인,수원의아침,2019-04-29,200,2099-12-31,0,2021-10-18,477676,200,0,-0.0612909794339238,100.0,0.0,방송프로그램,0.0,0,0
생활의 달인,불티나만두찐빵,2007-10-05,176,2099-12-31,0,2021-10-08,185,200,0,-0.2673173048382309,100.0,0.0,방송프로그램,0.0,0,0
생활의 달인,수진분식 성남중앙지하쇼핑몰점,2014-02-10,104,2099-12-31,0,2021-10-20,105,200,0,-0.093125916480714,100.0,0.0,방송프로그램,0.0,0,0
생활의 달인,돌아온떡볶이,2012-12-07,200,2099-12-31,0,2021-10-20,54033,200,0,-0.2037106918238994,100.0,0.0,방송프로그램,0.0,0,0
생활의 달인,짱떡볶이,2011-10-11,200,2099-12-31,0,2021-10-18,4913,200,0,-0.2271669304534028,100.0,0.0,방송프로그램,0.0,0,0
생활의 달인,나블리 베이커리카페,2018-03-29,200,2099-12-31,0,2021-10-20,430,200,0,-0.0871341504252896,100.0,0.0,방송프로그램,0.0,0,0
생활의 달인,라 스위스,2016-02-16,200,2099-12-31,0,2021-10-12,69317,200,0,-0.1348175230136449,100.0,0.0,방송프로그램,0.0,0,0
생활의 달인,르뺑블랑,2014-10-19,200,2099-12-31,0,2021-10-18,362,200,0,-0.1642726308686012,100.0,0.0,방송프로그램,0.0,0,0
생활의 달인,만두장성,2011-04-18,200,2099-12-31,0,2021-10-17,5178,200,0,-0.2367357017191888,100.0,0.0,방송프로그램,0.0,0,0
생활의 달인,육림닭강정,2015-10-12,200,2099-12-31,0,2021-10-19,2950,200,0,-0.1429732453431293,100.0,0.0,방송프로그램,0.0,0,0
생활의 달인,마초,2017-07-19,200,2099-12-31,0,2021-10-21,143281,200,0,-0.1032707952847418,100.0,0.0,방송프로그램,0.0,0,0
생활의 달인,홍천쌀찐빵,2013-02-09,200,2099-12-31,0,2021-10-18,848,200,0,-0.1999621880514242,100.0,0.0,방송프로그램,0.0,0,0
생활의 달인,교암막국수,2018-10-31,200,2099-12-31,0,2021-10-17,720,200,0,-0.0729946704445793,100.0,0.0,방송프로그램,0.0,0,0
생활의 달인,함스베이커리,2012-11-18,200,2099-12-31,0,2021-10-11,933,200,0,-0.2042176058329929,100.0,0.0,방송프로그램,0.0,0,0
생활의 달인,르팡,2006-12-01,200,2099-12-31,0,2021-10-13,2267,200,0,-0.319430554738514,100.0,0.0,방송프로그램,0.0,0,0
생활의 달인,하루베이커리,2014-01-03,200,2099-12-31,0,2021-10-21,295936,200,0,-0.1813550687722873,100.0,0.0,방송프로그램,0.0,0,0
생활의 달인,서두산 딤섬,2016-03-23,200,2099-12-31,0,2021-10-18,1325,200,0,-0.1330152297535786,100.0,0.0,방송프로그램,0.0,0,0
생활의 달인,삼미당,2018-01-24,200,2099-12-31,0,2021-10-21,2622,200,0,-0.091291853237987,100.0,0.0,방송프로그램,0.0,0,0
생활의 달인,밀베이커리,2009-11-11,200,2099-12-31,0,2021-10-19,35098,200,0,-0.2648684770062572,100.0,0.0,방송프로그램,0.0,0,0
생활의 달인,역촌왕돈까스,2008-06-11,200,2099-12-31,0,2021-10-05,828,200,0,-0.2909090909090909,100.0,0.0,방송프로그램,0.0,0,0
생활의 달인,신성당,2014-08-18,200,2099-12-31,0,2021-10-19,1366,200,0,-0.1679869151085597,100.0,0.0,방송프로그램,0.0,0,0
생활의 달인,밀한줌 베이커리,2017-04-05,200,2099-12-31,0,2021-09-26,958,200,0,-0.1082064857710125,100.0,0.0,방송프로그램,0.0,0,0
생활의 달인,솔밭가든막국수,2015-02-23,200,2099-12-31,0,2021-10-20,1191,200,0,-0.1568791946308725,100.0,0.0,방송프로그램,0.0,0,0
6시 내 고향,슬지네찐빵 슬지제빵소,2017-09-26,200,2099-12-31,0,2021-10-21,1369,200,0,-0.0989149970045929,100.0,0.0,방송프로그램,0.0,0,0
6시 내 고향,메밀꽃필무렵,2012-09-10,200,2099-12-31,0,2021-10-21,52566,200,0,-0.2087305569493226,100.0,0.0,방송프로그램,0.0,0,0
6시 내 고향,원조 유박사 곱창,2008-02-05,200,2099-12-31,0,2021-10-17,405,200,0,-0.2980903863913963,100.0,0.0,방송프로그램,0.0,0,0
6시 내 고향,새만금횟집,2008-04-02,200,2099-12-31,0,2021-10-17,7736,200,0,-0.2951954640405849,100.0,0.0,방송프로그램,0.0,0,0
6시 내 고향,바로방,2011-06-11,200,2099-12-31,0,2021-10-18,5491,200,0,-0.233853764105735,100.0,0.0,방송프로그램,0.0,0,0
6시 내 고향,할머니학화호두과자 터미널본점,2013-03-27,200,2099-12-31,0,2021-10-18,1178,200,0,-0.1973493215525402,100.0,0.0,방송프로그램,0.0,0,0
6시 내 고향,대선칼국수,2007-07-19,200,2099-12-31,0,2021-10-20,7203,200,0,-0.3083984837716181,100.0,0.0,방송프로그램,0.0,0,0
6시 내 고향,솔밭묵집,2006-04-18,200,2099-12-31,0,2021-10-21,1151,200,0,-0.331044558071585,100.0,0.0,방송프로그램,0.0,0,0
6시 내 고향,서문우동,2009-07-01,200,2099-12-31,0,2021-10-05,2023,200,0,-0.2710028739978823,100.0,0.0,방송프로그램,0.0,0,0
6시 내 고향,화랑식당,2008-06-08,200,2099-12-31,0,2021-10-19,24819,200,0,-0.2918996501510032,100.0,0.0,방송프로그램,0.0,0,0
6시 내 고향,명가충무김밥 본점,2007-06-10,200,2099-12-31,0,2021-10-07,423,200,0,-0.3095808560357322,100.0,0.0,방송프로그램,0.0,0,0
6시 내 고향,제일식당,2010-02-10,200,2099-12-31,0,2021-10-21,12400,200,0,-0.260180926563309,100.0,0.0,방송프로그램,0.0,0,0
6시 내 고향,미진돌곱창,2008-10-29,200,2099-12-31,0,2021-10-20,2223,200,0,-0.2846246246246246,100.0,0.0,방송프로그램,0.0,0,0
6시 내 고향,어부신광호,2015-03-09,200,2099-12-31,0,2021-10-14,1678,200,0,-0.1556588546710569,100.0,0.0,방송프로그램,0.0,0,0
6시 내 고향,북일곰탕,2015-04-11,200,2099-12-31,0,2021-10-17,401,200,0,-0.1538859266440458,100.0,0.0,방송프로그램,0.0,0,0
6시 내 고향,삼포가든,2012-10-04,200,2099-12-31,0,2021-10-14,1917,200,0,-0.2069420035149384,100.0,0.0,방송프로그램,0.0,0,0
6시 내 고향,농부밥상,2014-05-20,200,2099-12-31,0,2021-10-20,43671,200,0,-0.1733235265901314,100.0,0.0,방송프로그램,0.0,0,0
6시 내 고향,포항할매집,2009-09-24,200,2099-12-31,0,2021-10-14,1854,200,0,-0.2670912951167728,100.0,0.0,방송프로그램,0.0,0,0
6시 내 고향,대박집,2013-08-15,200,2099-12-31,0,2021-10-21,101756,200,0,-0.1894830264033725,100.0,0.0,방송프로그램,0.0,0,0
6시 내 고향,내포해물촌,2015-03-17,200,2099-12-31,0,2021-10-13,295,200,0,-0.1551178559896674,100.0,0.0,방송프로그램,0.0,0,0
6시 내 고향,오가네빵,2009-11-14,200,2099-12-31,0,2021-10-19,1429,200,0,-0.2647103496461011,100.0,0.0,방송프로그램,0.0,0,0
6시 내 고향,충무로쭈꾸미불고기 충무로본점,2006-11-10,200,2099-12-31,0,2021-10-21,6437,200,0,-0.3209382991857491,100.0,0.0,방송프로그램,0.0,0,0
6시 내 고향,돌담,2020-04-29,200,2099-12-31,0,2021-10-21,492591,200,0,-0.0371134020618556,100.0,0.0,방송프로그램,0.0,0,0
6시 내 고향,신식당,2005-08-23,200,2099-12-31,0,2021-10-15,4290,200,0,-0.3422220932594376,100.0,0.0,방송프로그램,0.0,0,0
6시 내 고향,푸른동산 한우마을,2004-06-16,200,2099-12-31,0,2021-10-20,1302,200,0,-0.3630788629069233,100.0,0.0,방송프로그램,0.0,0,0
6시 내 고향,평화떡공방,2015-11-14,200,2099-12-31,0,2021-10-12,3074,200,0,-0.1405233012236396,100.0,0.0,방송프로그램,0.0,0,0
6시 내 고향,이순신꿀빵,2012-07-16,200,2099-12-31,0,2021-10-12,12553,200,0,-0.2113072877535687,100.0,0.0,방송프로그램,0.0,0,0
6시 내 고향,내대막국수,2009-11-09,200,2099-12-31,0,2021-10-18,740,200,0,-0.2649131332766371,100.0,0.0,방송프로그램,0.0,0,0
6시 내 고향,평대성게국수,2015-08-20,200,2099-12-31,0,2021-10-21,1835,200,0,-0.1462971376646978,100.0,0.0,방송프로그램,0.0,0,0
6시 내 고향,황금떡볶이,2020-02-10,200,2099-12-31,0,2021-10-21,71081,200,0,-0.0424277733986771,100.0,0.0,방송프로그램,0.0,0,0
골목식당,레드브릿지,2020-01-25,200,2099-12-31,0,2021-10-21,54052,200,0,-0.0435005994177085,100.0,0.0,방송프로그램,0.0,0,0
골목식당,강릉 수제 어묵고로케,2017-12-30,200,2099-12-31,0,2021-10-21,4163,200,0,-0.0928850455744382,100.0,0.0,방송프로그램,0.0,0,0
골목식당,글린공원,2018-09-19,200,2099-12-31,0,2021-10-20,7794,200,0,-0.0759229318243061,100.0,0.0,방송프로그램,0.0,0,0
골목식당,어거스트 힐 강남점,2015-11-04,200,2099-12-31,0,2021-10-20,206,200,0,-0.1416487735051076,100.0,0.0,방송프로그램,0.0,0,0
골목식당,삼고집 파주점,2016-01-08,200,2099-12-31,0,2021-10-15,376,200,0,-0.1373846705571675,100.0,0.0,방송프로그램,0.0,0,0
골목식당,제주오성갈치조림,2015-06-20,200,2099-12-31,0,2021-10-19,3129,200,0,-0.14982995951417,100.0,0.0,방송프로그램,0.0,0,0
골목식당,칼리오페,2018-01-23,200,2099-12-31,0,2021-10-21,63616,200,0,-0.091355632037959,100.0,0.0,방송프로그램,0.0,0,0
골목식당,카페아스타나,2020-09-04,200,2099-12-31,0,2021-10-21,2307,200,0,-0.0284412536241888,100.0,0.0,방송프로그램,0.0,0,0
골목식당,러블랑,2020-09-27,200,2099-12-31,0,2021-10-21,1965,200,0,-0.0268748488721544,100.0,0.0,방송프로그램,0.0,0,0
골목식당,로쏘 1924,2019-11-05,200,2099-12-31,0,2021-10-19,1516,200,0,-0.0487771553490914,100.0,0.0,방송프로그램,0.0,0,0
골목식당,메인스트리트,2019-11-23,200,2099-12-31,0,2021-10-21,42806,200,0,-0.0477134458951397,100.0,0.0,방송프로그램,0.0,0,0
골목식당,닭사부일체 이천본점,2019-07-29,200,2099-12-31,0,2021-10-17,595,200,0,-0.0552170212765957,100.0,0.0,방송프로그램,0.0,0,0
골목식당,더포레,2017-10-31,200,2099-12-31,0,2021-10-21,4061,200,0,-0.0966978774449368,100.0,0.0,방송프로그램,0.0,0,0
골목식당,제로니모 커피하우스,2021-03-14,200,2099-12-31,0,2021-10-21,616,200,0,-0.015357353809805,100.0,0.0,방송프로그램,0.0,0,0
골목식당,막불감동,2017-02-07,51,2019-12-20,149,2021-10-21,1287,200,1,2.975551757742931,0.6756756756756757,0.6711409395973155,방송프로그램,-2.0,0,-1
골목식당,을밀대 평양냉면,2008-06-25,200,2099-12-31,0,2021-10-21,19461,200,0,-0.2911506013283073,100.0,0.0,방송프로그램,0.0,0,0
골목식당,빵공장라뜰리에김가,2015-04-28,200,2099-12-31,0,2021-10-12,4098,200,0,-0.1525478530781169,100.0,0.0,방송프로그램,0.0,0,0
골목식당,오늘제빵소,2019-10-10,200,2099-12-31,0,2021-10-20,23490,200,0,-0.0505767524401064,100.0,0.0,방송프로그램,0.0,0,0
골목식당,라온숨,2020-11-14,200,2099-12-31,0,2021-10-21,1651,200,0,-0.0235977993841043,100.0,0.0,방송프로그램,0.0,0,0
골목식당,대한횟집 만세튀김,2017-10-30,200,2099-12-31,0,2021-10-18,1247,200,0,-0.09656137544982,100.0,0.0,방송프로그램,0.0,0,0
골목식당,신송당,2020-05-18,200,2099-12-31,0,2021-10-18,541,200,0,-0.0356246346411746,100.0,0.0,방송프로그램,0.0,0,0
골목식당,남포면옥,2006-07-28,200,2099-12-31,0,2021-10-21,6273,200,0,-0.3261047942796858,100.0,0.0,방송프로그램,0.0,0,0
골목식당,이가네떡볶이,2013-09-06,200,2099-12-31,0,2021-10-21,46815,200,0,-0.1882196212770006,100.0,0.0,방송프로그램,0.0,0,0
골목식당,우스블랑,2011-09-23,200,2099-12-31,0,2021-10-21,4828,200,0,-0.2283427933376756,100.0,0.0,방송프로그램,0.0,0,0
골목식당,로컬릿,2018-04-25,200,2099-12-31,0,2021-10-17,1058,200,0,-0.0852019440254734,100.0,0.0,방송프로그램,0.0,0,0
골목식당,헤리베르,2016-10-21,200,2099-12-31,0,2021-10-15,1370,200,0,-0.1197920094780491,100.0,0.0,방송프로그램,0.0,0,0
골목식당,중앙탑메밀마당,2009-06-13,200,2099-12-31,0,2021-10-19,880,200,0,-0.2727904937562362,100.0,0.0,방송프로그램,0.0,0,0
골목식당,용호동할매팥빙수단팥죽 본점,2013-05-25,200,2099-12-31,0,2021-10-18,397,200,0,-0.1939869115740887,100.0,0.0,방송프로그램,0.0,0,0
골목식당,숲마을,2005-04-03,200,2099-12-31,0,2021-10-15,1838,200,0,-0.3490247074122237,100.0,0.0,방송프로그램,0.0,0,0
골목식당,서울앵무새,2021-03-23,200,2099-12-31,0,2021-10-21,43213,200,0,-0.0147365494230501,100.0,0.0,방송프로그램,0.0,0,0
생방송 오늘 저녁,목향원,2015-11-09,200,2099-12-31,0,2021-10-18,14233,200,0,-0.1412162821722578,100.0,0.0,방송프로그램,0.0,0,0
생방송 오늘 저녁,이진상회,2017-05-30,200,2099-12-31,0,2021-10-19,5201,200,0,-0.1062821150339797,100.0,0.0,방송프로그램,0.0,0,0
생방송 오늘 저녁,백세삼계탕,2016-08-14,200,2099-12-31,0,2021-10-21,6132,200,0,-0.1243843173310566,100.0,0.0,방송프로그램,0.0,0,0
생방송 오늘 저녁,북한산제빵소,2018-05-14,200,2099-12-31,0,2021-10-21,5707,200,0,-0.0842500670780788,100.0,0.0,방송프로그램,0.0,0,0
생방송 오늘 저녁,베이커리 밤마을,2017-10-12,200,2099-12-31,0,2021-10-20,1608,200,0,-0.0978354978354978,100.0,0.0,방송프로그램,0.0,0,0
생방송 오늘 저녁,수아당,2015-09-13,200,2099-12-31,0,2021-10-10,1312,200,0,-0.1441377070477427,100.0,0.0,방송프로그램,0.0,0,0
생방송 오늘 저녁,엘림들깨수제비칼국수,2011-06-21,200,2099-12-31,0,2021-10-19,932,200,0,-0.2333694139477346,100.0,0.0,방송프로그램,0.0,0,0
생방송 오늘 저녁,계열사,2013-06-21,200,2099-12-31,0,2021-10-21,668297,200,0,-0.1926338438172383,100.0,0.0,방송프로그램,0.0,0,0
생방송 오늘 저녁,옹근달,2020-03-20,200,2099-12-31,0,2021-10-20,1711,200,0,-0.0397391901166781,100.0,0.0,방송프로그램,0.0,0,0
생방송 오늘 저녁,가람돌솥밥,2008-10-10,200,2099-12-31,0,2021-10-18,3618,200,0,-0.2854827575857618,100.0,0.0,방송프로그램,0.0,0,0
생방송 오늘 저녁,중앙갈치식당,2012-12-11,200,2099-12-31,0,2021-10-19,15806,200,0,-0.2034218140646622,100.0,0.0,방송프로그램,0.0,0,0
생방송 오늘 저녁,시간을 들이다,2017-11-07,200,2099-12-31,0,2021-10-20,130214,200,0,-0.0961871750433275,100.0,0.0,방송프로그램,0.0,0,0
생방송 오늘 저녁,유포리막국수,2004-05-19,200,2099-12-31,0,2021-10-21,3847,200,0,-0.3644485167792921,100.0,0.0,방송프로그램,0.0,0,0
생방송 오늘 저녁,포레스트,2021-06-16,200,2099-12-31,0,2021-10-21,624551,200,0,-0.0088541848223934,100.0,0.0,방송프로그램,0.0,0,0
생방송 오늘 저녁,청수당,2020-04-27,200,2099-12-31,0,2021-10-21,7892,200,0,-0.0372482990859734,100.0,0.0,방송프로그램,0.0,0,0
생방송 오늘 저녁,남보완해물칼국수 울산점,2020-08-14,58,2099-12-31,0,2021-09-06,29,200,0,-0.0077618735556858,100.0,0.0,방송프로그램,0.0,0,0
생방송 오늘 저녁,코트야드 메리어트 남대문 모모카페,2016-05-30,200,2099-12-31,0,2021-10-19,1585,200,0,-0.1289223714379299,100.0,0.0,방송프로그램,0.0,0,0
생방송 오늘 저녁,송정집,2014-03-07,200,2099-12-31,0,2021-10-19,5314,200,0,-0.1775721805710639,100.0,0.0,방송프로그램,0.0,0,0
생방송 오늘 저녁,가나안국수,2014-05-12,200,2099-12-31,0,2021-10-21,2944,200,0,-0.173854662872854,100.0,0.0,방송프로그램,0.0,0,0
생방송 오늘 저녁,솔트24,2018-06-27,200,2099-12-31,0,2021-10-19,37987,200,0,-0.0812844283219132,100.0,0.0,방송프로그램,0.0,0,0
생방송 오늘 저녁,한국집,2006-05-15,200,2099-12-31,0,2021-10-21,37732,200,0,-0.3297268846131352,100.0,0.0,방송프로그램,0.0,0,0
생방송 오늘 저녁,익선잡방,2018-06-05,200,2099-12-31,0,2021-10-20,1586,200,0,-0.0827683426193193,100.0,0.0,방송프로그램,0.0,0,0
생방송 오늘 저녁,하니칼국수,2021-01-16,200,2099-12-31,0,2021-10-21,292664,200,0,-0.0192801165129343,100.0,0.0,방송프로그램,0.0,0,0
생방송 오늘 저녁,진주냉면산홍 본점,2018-05-01,200,2099-12-31,0,2021-10-21,429,200,0,-0.0850849844111435,100.0,0.0,방송프로그램,0.0,0,0
생방송 오늘 저녁,무탄,2020-02-02,200,2099-12-31,0,2021-10-21,5188,200,0,-0.0429643334361188,100.0,0.0,방송프로그램,0.0,0,0
생방송 오늘 저녁,릴리베이커리,2014-07-23,200,2099-12-31,0,2021-10-21,3344,200,0,-0.1696414266030057,100.0,0.0,방송프로그램,0.0,0,0
생방송 오늘 저녁,순천미향 제주산방산본점,2012-12-09,112,2099-12-31,0,2021-10-19,112,200,0,-0.1139794955657588,100.0,0.0,방송프로그램,0.0,0,0
생방송 오늘 저녁,순금이떡볶이아차산점,2016-03-27,129,2099-12-31,0,2021-10-17,129,200,0,-0.0855952147479898,100.0,0.0,방송프로그램,0.0,0,0
생방송 오늘 저녁,태조감자국,2006-04-18,200,2099-12-31,0,2021-10-21,2590,200,0,-0.331044558071585,100.0,0.0,방송프로그램,0.0,0,0
생방송 오늘 저녁,두둑한한판,2011-07-27,200,2099-12-31,0,2021-10-18,1664,200,0,-0.2313384315303879,100.0,0.0,방송프로그램,0.0,0,0
모닝 와이드,연경,2017-11-20,200,2099-12-31,0,2021-10-21,105345,200,0,-0.0954286285885765,100.0,0.0,방송프로그램,0.0,0,0
모닝 와이드,보스대게,2017-08-04,200,2099-12-31,0,2021-10-21,7324,200,0,-0.1022625336389913,100.0,0.0,방송프로그램,0.0,0,0
모닝 와이드,마이무,2011-11-01,200,2099-12-31,0,2021-10-17,3433,200,0,-0.2259486988385814,100.0,0.0,방송프로그램,0.0,0,0
모닝 와이드,진아떡집,2014-01-05,200,2099-12-31,0,2021-10-19,6246,200,0,-0.1811118894478762,100.0,0.0,방송프로그램,0.0,0,0
모닝 와이드,용성통닭 본점,2012-06-25,199,2099-12-31,0,2021-10-20,751,200,0,-0.2119180353511653,100.0,0.0,방송프로그램,0.0,0,0
모닝 와이드,계열사,2013-06-21,200,2099-12-31,0,2021-10-21,668308,200,0,-0.1926338438172383,100.0,0.0,방송프로그램,0.0,0,0
모닝 와이드,을밀대 평양냉면,2008-06-25,200,2099-12-31,0,2021-10-21,19461,200,0,-0.2911506013283073,100.0,0.0,방송프로그램,0.0,0,0
모닝 와이드,오성당,2011-08-06,200,2099-12-31,0,2021-10-07,1385,200,0,-0.2301093251571742,100.0,0.0,방송프로그램,0.0,0,0
모닝 와이드,등촌 최월선칼국수,2012-04-12,200,2099-12-31,0,2021-10-19,1396,200,0,-0.2170479727831705,100.0,0.0,방송프로그램,0.0,0,0
모닝 와이드,강민주의들밥,2017-07-29,200,2099-12-31,0,2021-10-21,1254,200,0,-0.1026407573492775,100.0,0.0,방송프로그램,0.0,0,0
모닝 와이드,남포면옥,2006-07-28,200,2099-12-31,0,2021-10-21,6273,200,0,-0.3261047942796858,100.0,0.0,방송프로그램,0.0,0,0
모닝 와이드,벌집,2020-09-19,200,2099-12-31,0,2021-10-21,468119,200,0,-0.0274199675380736,100.0,0.0,방송프로그램,0.0,0,0
모닝 와이드,경기떡집,2012-04-23,200,2099-12-31,0,2021-10-17,15434,200,0,-0.2163107281129012,100.0,0.0,방송프로그램,0.0,0,0
모닝 와이드,잉글랜드왕돈까스,2007-03-10,200,2099-12-31,0,2021-10-21,3132,200,0,-0.3149945426118764,100.0,0.0,방송프로그램,0.0,0,0
모닝 와이드,산수갑산,2013-06-05,200,2099-12-31,0,2021-10-21,10422,200,0,-0.1935483870967742,100.0,0.0,방송프로그램,0.0,0,0
모닝 와이드,정은숙초당순두부,2016-10-21,200,2099-12-31,0,2021-10-19,465,200,0,-0.120055288619759,100.0,0.0,방송프로그램,0.0,0,0
모닝 와이드,풍미통닭,2014-05-28,200,2099-12-31,0,2021-10-21,18852,200,0,-0.1729200652528548,100.0,0.0,방송프로그램,0.0,0,0
모닝 와이드,회동집,2011-07-17,200,2099-12-31,0,2021-10-20,2931,200,0,-0.2320096567519886,100.0,0.0,방송프로그램,0.0,0,0
모닝 와이드,로타리식당,2013-08-18,200,2099-12-31,0,2021-10-21,26989,200,0,-0.1893108476510492,100.0,0.0,방송프로그램,0.0,0,0
모닝 와이드,노라바,2014-10-17,200,2099-12-31,0,2021-10-21,5639,200,0,-0.1645834002763407,100.0,0.0,방송프로그램,0.0,0,0
모닝 와이드,야바이,2007-10-31,200,2099-12-31,0,2021-10-18,12352,200,0,-0.3030537072243346,100.0,0.0,방송프로그램,0.0,0,0
모닝 와이드,은하곱창,2012-07-06,200,2099-12-31,0,2021-10-21,5830,200,0,-0.2124303686549414,100.0,0.0,방송프로그램,0.0,0,0
모닝 와이드,옛날진미국수,2012-08-29,200,2099-12-31,0,2021-10-17,6454,200,0,-0.2091536050156739,100.0,0.0,방송프로그램,0.0,0,0
모닝 와이드,국물없는우동,2013-08-12,200,2099-12-31,0,2021-10-20,227353,200,0,-0.189591784989858,100.0,0.0,방송프로그램,0.0,0,0
모닝 와이드,한식미담길 인천공항제2여객터미널점,2017-12-20,200,2099-12-31,0,2021-10-19,391,200,0,-0.0933880711591735,100.0,0.0,방송프로그램,0.0,0,0
모닝 와이드,동원집,2012-10-29,200,2099-12-31,0,2021-10-19,4129,200,0,-0.2058481736235434,100.0,0.0,방송프로그램,0.0,0,0
모닝 와이드,갈비1987,2012-02-27,200,2099-12-31,0,2021-10-20,2911,200,0,-0.219611021069692,100.0,0.0,방송프로그램,0.0,0,0
모닝 와이드,미가,2020-12-02,200,2099-12-31,0,2021-10-20,726118,200,0,-0.0222968528199979,100.0,0.0,방송프로그램,0.0,0,0
모닝 와이드,혜화칼국수,2004-07-07,200,2099-12-31,0,2021-10-19,3214,200,0,-0.3620358422939068,100.0,0.0,방송프로그램,0.0,0,0
모닝 와이드,복진면,2008-07-29,200,2099-12-31,0,2021-10-13,1703,200,0,-0.2889314805941543,100.0,0.0,방송프로그램,0.0,0,0
맛있는 녀석들,이성당,2020-01-23,200,2099-12-31,0,2021-10-21,89719,200,0,-0.0436346199952049,100.0,0.0,방송프로그램,0.0,0,0
맛있는 녀석들,성심당 본점,2014-06-17,200,2099-12-31,0,2021-10-21,17724,200,0,-0.1717504721057517,100.0,0.0,방송프로그램,0.0,0,0
맛있는 녀석들,명동교자 본점,2013-08-02,200,2099-12-31,0,2021-10-21,9022,200,0,-0.1902287560991065,100.0,0.0,방송프로그램,0.0,0,0
맛있는 녀석들,씨엘비베이커리,2019-10-08,200,2099-12-31,0,2021-10-21,2285,200,0,-0.0507780507780507,100.0,0.0,방송프로그램,0.0,0,0
맛있는 녀석들,강릉짬뽕순두부 동화가든 본점,2016-06-20,200,2099-12-31,0,2021-10-21,26879,200,0,-0.1277655773706119,100.0,0.0,방송프로그램,0.0,0,0
맛있는 녀석들,춘천통나무집닭갈비,2015-03-06,200,2099-12-31,0,2021-10-21,10595,200,0,-0.1562893386269003,100.0,0.0,방송프로그램,0.0,0,0
맛있는 녀석들,나정순할매쭈꾸미,2008-09-26,200,2099-12-31,0,2021-10-21,6101,200,0,-0.2863828638286383,100.0,0.0,방송프로그램,0.0,0,0
맛있는 녀석들,빕스 대방점,2004-02-17,200,2099-12-31,0,2021-10-17,1066,200,0,-0.3685172492574823,100.0,0.0,방송프로그램,0.0,0,0
맛있는 녀석들,동동국수집,2012-09-27,200,2099-12-31,0,2021-10-21,9269,200,0,-0.2077750933450472,100.0,0.0,방송프로그램,0.0,0,0
맛있는 녀석들,더아리엘 목동점,2017-05-30,200,2099-12-31,0,2021-10-15,522,200,0,-0.1060169070114371,100.0,0.0,방송프로그램,0.0,0,0
맛있는 녀석들,대원당,2011-01-31,200,2099-12-31,0,2021-10-21,3608,200,0,-0.2411627047665969,100.0,0.0,방송프로그램,0.0,0,0
맛있는 녀석들,팔당초계국수본점,2015-06-15,200,2099-12-31,0,2021-10-18,2260,200,0,-0.1500647668393782,100.0,0.0,방송프로그램,0.0,0,0
맛있는 녀석들,맘모스베이커리,2008-11-04,200,2099-12-31,0,2021-10-20,19999,200,0,-0.2843154922808914,100.0,0.0,방송프로그램,0.0,0,0
맛있는 녀석들,마복림떡볶이,2004-09-13,200,2099-12-31,0,2021-10-21,13661,200,0,-0.3589507857614847,100.0,0.0,방송프로그램,0.0,0,0
맛있는 녀석들,뚱보할매김밥집,2007-06-08,200,2099-12-31,0,2021-10-17,2958,200,0,-0.3102724126711822,100.0,0.0,방송프로그램,0.0,0,0
맛있는 녀석들,태평소국밥,2013-11-29,200,2099-12-31,0,2021-10-21,13674,200,0,-0.183379448525904,100.0,0.0,방송프로그램,0.0,0,0
맛있는 녀석들,메인스트리트,2019-11-23,200,2099-12-31,0,2021-10-21,42808,200,0,-0.0477134458951397,100.0,0.0,방송프로그램,0.0,0,0
맛있는 녀석들,궁전제과 충장점,2012-01-25,200,2099-12-31,0,2021-10-01,655,200,0,-0.2202571846685556,100.0,0.0,방송프로그램,0.0,0,0
맛있는 녀석들,한일옥,2010-11-11,200,2099-12-31,0,2021-10-21,10218,200,0,-0.2455385938507847,100.0,0.0,방송프로그램,0.0,0,0
맛있는 녀석들,본수원갈비,2007-02-04,200,2099-12-31,0,2021-10-21,7095,200,0,-0.3166828750773583,100.0,0.0,방송프로그램,0.0,0,0
맛있는 녀석들,춘심이네 본점,2015-07-08,200,2099-12-31,0,2021-10-14,6619,200,0,-0.1484266130861717,100.0,0.0,방송프로그램,0.0,0,0
맛있는 녀석들,원조남산왕돈까스,2011-10-18,200,2099-12-31,0,2021-10-18,5989,200,0,-0.2267817233672709,100.0,0.0,방송프로그램,0.0,0,0
맛있는 녀석들,일호점미역,2019-01-19,200,2099-12-31,0,2021-10-17,1093,200,0,-0.0677805587499154,100.0,0.0,방송프로그램,0.0,0,0
맛있는 녀석들,오씨칼국수,2011-11-28,200,2099-12-31,0,2021-10-21,7228,200,0,-0.2247086247086247,100.0,0.0,방송프로그램,0.0,0,0
맛있는 녀석들,팀호완 삼성점,2019-12-19,200,2099-12-31,0,2021-10-19,1198,200,0,-0.0458401751505199,100.0,0.0,방송프로그램,0.0,0,0
맛있는 녀석들,몽탄,2019-05-28,200,2099-12-31,0,2021-10-21,20066,200,0,-0.0595848761762407,100.0,0.0,방송프로그램,0.0,0,0
맛있는 녀석들,청어람 망원점,2017-02-18,200,2099-12-31,0,2021-10-14,338,200,0,-0.1122711954007797,100.0,0.0,방송프로그램,0.0,0,0
맛있는 녀석들,청진옥,2006-05-09,200,2099-12-31,0,2021-10-21,5989,200,0,-0.3300198807157058,100.0,0.0,방송프로그램,0.0,0,0
맛있는 녀석들,오뎅식당,2015-01-15,200,2099-12-31,0,2021-10-21,205308,200,0,-0.1592600947439657,100.0,0.0,방송프로그램,0.0,0,0
맛있는 녀석들,조조칼국수 본점,2018-02-04,200,2099-12-31,0,2021-10-20,1167,200,0,-0.0905231489219455,100.0,0.0,방송프로그램,0.0,0,0
생방송 투데이,레드브릿지,2020-01-25,200,2099-12-31,0,2021-10-21,54052,200,0,-0.0435005994177085,100.0,0.0,방송프로그램,0.0,0,0
생방송 투데이,강릉 수제 어묵고로케,2017-12-30,200,2099-12-31,0,2021-10-21,4163,200,0,-0.0928850455744382,100.0,0.0,방송프로그램,0.0,0,0
생방송 투데이,글린공원,2018-09-19,200,2099-12-31,0,2021-10-20,7794,200,0,-0.0759229318243061,100.0,0.0,방송프로그램,0.0,0,0
생방송 투데이,어거스트 힐 강남점,2015-11-04,200,2099-12-31,0,2021-10-20,206,200,0,-0.1416487735051076,100.0,0.0,방송프로그램,0.0,0,0
생방송 투데이,삼고집 파주점,2016-01-08,200,2099-12-31,0,2021-10-15,376,200,0,-0.1373846705571675,100.0,0.0,방송프로그램,0.0,0,0
생방송 투데이,제주오성갈치조림,2015-06-20,200,2099-12-31,0,2021-10-19,3129,200,0,-0.14982995951417,100.0,0.0,방송프로그램,0.0,0,0
생방송 투데이,칼리오페,2018-01-23,200,2099-12-31,0,2021-10-21,63618,200,0,-0.091355632037959,100.0,0.0,방송프로그램,0.0,0,0
생방송 투데이,카페아스타나,2020-09-04,200,2099-12-31,0,2021-10-21,2308,200,0,-0.0284412536241888,100.0,0.0,방송프로그램,0.0,0,0
생방송 투데이,러블랑,2020-09-27,200,2099-12-31,0,2021-10-21,1966,200,0,-0.0268748488721544,100.0,0.0,방송프로그램,0.0,0,0
생방송 투데이,로쏘 1924,2019-11-05,200,2099-12-31,0,2021-10-19,1516,200,0,-0.0487771553490914,100.0,0.0,방송프로그램,0.0,0,0
생방송 투데이,메인스트리트,2019-11-23,200,2099-12-31,0,2021-10-21,42808,200,0,-0.0477134458951397,100.0,0.0,방송프로그램,0.0,0,0
생방송 투데이,닭사부일체 이천본점,2019-07-29,200,2099-12-31,0,2021-10-17,595,200,0,-0.0552170212765957,100.0,0.0,방송프로그램,0.0,0,0
생방송 투데이,더포레,2017-10-31,200,2099-12-31,0,2021-10-21,4061,200,0,-0.0966978774449368,100.0,0.0,방송프로그램,0.0,0,0
생방송 투데이,제로니모 커피하우스,2021-03-14,200,2099-12-31,0,2021-10-21,616,200,0,-0.015357353809805,100.0,0.0,방송프로그램,0.0,0,0
생방송 투데이,막불감동,2017-02-07,200,2099-12-31,0,2021-10-21,1288,200,0,-0.1134194272880404,100.0,0.0,방송프로그램,0.0,0,0
생방송 투데이,을밀대 평양냉면,2008-06-25,200,2099-12-31,0,2021-10-21,19462,200,0,-0.2911506013283073,100.0,0.0,방송프로그램,0.0,0,0
생방송 투데이,빵공장라뜰리에김가,2015-04-28,200,2099-12-31,0,2021-10-12,4098,200,0,-0.1525478530781169,100.0,0.0,방송프로그램,0.0,0,0
생방송 투데이,오늘제빵소,2019-10-10,200,2099-12-31,0,2021-10-20,23491,200,0,-0.0505767524401064,100.0,0.0,방송프로그램,0.0,0,0
생방송 투데이,라온숨,2020-11-14,200,2099-12-31,0,2021-10-21,1651,200,0,-0.0235977993841043,100.0,0.0,방송프로그램,0.0,0,0
생방송 투데이,대한횟집 만세튀김,2017-10-30,200,2099-12-31,0,2021-10-18,1247,200,0,-0.09656137544982,100.0,0.0,방송프로그램,0.0,0,0
생방송 투데이,신송당,2020-05-18,200,2099-12-31,0,2021-10-18,541,200,0,-0.0356246346411746,100.0,0.0,방송프로그램,0.0,0,0
생방송 투데이,남포면옥,2006-07-28,200,2099-12-31,0,2021-10-21,6274,200,0,-0.3261047942796858,100.0,0.0,방송프로그램,0.0,0,0
생방송 투데이,이가네떡볶이,2013-09-06,200,2099-12-31,0,2021-10-21,46818,200,0,-0.1882196212770006,100.0,0.0,방송프로그램,0.0,0,0
생방송 투데이,우스블랑,2011-09-23,200,2099-12-31,0,2021-10-21,4828,200,0,-0.2283427933376756,100.0,0.0,방송프로그램,0.0,0,0
생방송 투데이,로컬릿,2018-04-25,200,2099-12-31,0,2021-10-17,1058,200,0,-0.0852019440254734,100.0,0.0,방송프로그램,0.0,0,0
생방송 투데이,헤리베르,2016-10-21,200,2099-12-31,0,2021-10-15,1370,200,0,-0.1197920094780491,100.0,0.0,방송프로그램,0.0,0,0
생방송 투데이,중앙탑메밀마당,2009-06-13,200,2099-12-31,0,2021-10-19,880,200,0,-0.2727904937562362,100.0,0.0,방송프로그램,0.0,0,0
생방송 투데이,용호동할매팥빙수단팥죽 본점,2013-05-25,200,2099-12-31,0,2021-10-18,397,200,0,-0.1939869115740887,100.0,0.0,방송프로그램,0.0,0,0
생방송 투데이,숲마을,2005-04-03,200,2099-12-31,0,2021-10-15,1838,200,0,-0.3490247074122237,100.0,0.0,방송프로그램,0.0,0,0
생방송 투데이,서울앵무새,2021-03-23,200,2099-12-31,0,2021-10-21,43216,200,0,-0.0147365494230501,100.0,0.0,방송프로그램,0.0,0,0
